{"cameraMode":{"drawMode":0,"name":"Shaded","section":"Shading Mode"},"sceneLighting":true,"audioPlay":false,"sceneViewState":{"showFog":true,"showMaterialUpdate":false,"showSkybox":true,"showFlares":true,"showImageEffects":true,"showParticleSystems":true},"in2DMode":false,"pivot":{"x":6.725851058959961,"y":-165.60552978515626,"z":349.0378112792969},"rotation":{"x":0.21901407837867738,"y":0.010236193425953389,"z":-0.002299492247402668,"w":0.9756905436515808},"size":394.916015625,"orthographic":false}